label,failed.traces,failed.truth,gatea.pps,gateb.pps,gatec.pps,hop.rate,invalid.loss.rate,invalid.recv,invalid.sent,latency.nat,latency.overall,latency.wrapped,net.latency,results.dir,test.num,time.begin,time.end,time.total,total.packets,valid.loss.rate,valid.recv,valid.sent,inbound.bad.protocol,inbound.dest.ip.incorrect,inbound.gateway.not.connected,inbound.nat.bucket.not.found,inbound.ping.accepted,inbound.source.ip.incorrect,inbound.unwrapped,outbound.gateway.not.connected,outbound.message.too.long,outbound.sequence.number.incorrect,unknown
basic,0,0,114.648356667,116.62429183,115.800075688,1000,1,0,0,0,0.571212179226,0.571212179226,0,results/2012-12-10-01:05:33-t3-l0-hr1000ms,2,1355115617.63,1355115806.1,188.466814041,96936,0.000905124396584,43049,43088,2,,1,5,,26,,4,,,1
basic,0,6,114.028770174,115.154690179,114.228764208,100,1,0,0,0,1.32984333659,1.32984333659,0,results/2012-12-10-01:40:43-t3-l0-hr100ms,1,1355115617.56,1355115806.03,188.467541933,95856,0.00432920803727,42318,42502,2,2,2,6,,166,,4,,,2
basic,0,0,112.991138047,114.261679803,114.777700822,50,1,0,0,0,0,0,0,results/2012-12-10-02:15:35-t3-l0-hr50ms,3,1355115617.53,1355115806.05,188.528567076,95422,0,42101,42101,,,,,,,,,,,
basic,0,54,84.7851801188,94.3712869425,84.7512336786,100,1,0,0,80.8241044386,26.6596438376,0.88411491266,0,results/2012-12-09-22:16:25-t4-l0-hr100ms,4,1355029220.04,1355029421.67,201.62912488,84100,0.00624690908144,38179,38419,,4,,,,219,13,,,,4
basic,0,212,92.2942370889,91.5513440674,90.341481882,1000,1,0,416,68.1078006838,23.2506488022,0.126274104153,0,results/2012-12-09-21:57:17-t8-l0-hr1000ms,6,1355029219.97,1355029433.58,213.604473114,93216,0.000845685827715,42533,42569,,,,418,,8,20,,,2,4
basic,0,70,84.0537917554,90.3557639817,92.9957917104,50,1,0,0,73.9165220471,24.1934691482,0.423770191098,0,results/2012-12-09-22:51:03-t4-l0-hr50ms,4,1355029220.33,1355029421.61,201.273265123,85094,0.00766125922308,38599,38897,,1,,,,277,15,,,,5
basic,0,218,92.1537332358,89.4975448691,81.9323563203,100,1,0,417,73.4079999204,24.1661508437,1.08542920024,0,results/2012-12-09-22:31:59-t8-l0-hr100ms,8,1355029219.68,1355029435.1,215.42490387,89652,0.0065192255652,40384,40649,,,,419,,241,21,,,,1
basic,0,70,94.923565314,87.9179532166,92.9224980538,240000,1,0,0,69.449420909,21.4745316513,0.15712061247,0,results/2012-12-09-23:25:42-t4-l0-hr240000ms,4,1355029219.87,1355029423.42,203.554243088,88270,0.000541072306936,40638,40660,,,,,,,16,,,,6
basic,0,216,88.6663110808,86.9506871983,86.0781642827,50,1,0,416,65.9144486333,23.348637873,1.03975831048,0,results/2012-12-09-23:06:36-t8-l0-hr50ms,5,1355029219.45,1355029433.07,213.626496077,88790,0.0137931034483,39468,40020,,8,,417,,517,20,,,,6
basic,0,62,83.4174469987,82.4994484483,91.1454405376,1000,1,0,0,69.4124428267,24.6134380088,0.0576161953323,0,results/2012-12-09-21:41:46-t4-l0-hr1000ms,4,1355029220.92,1355029422.2,201.274072886,82454,0.00143084260731,37686,37740,,,,,,34,14,,,,6
basic,0,200,86.8034464283,82.2657537571,78.6394337556,15,1,0,416,89.7243295446,37.4761430632,6.3749740105,0,results/2012-12-10-00:15:47-t8-l0-hr15ms,7,1355115619.92,1355115833.55,213.633079052,84152,0.0363553677002,36022,37381,,24,,418,,1313,17,,,,3
basic,0,214,91.2818022651,79.4311666355,79.7711939115,240000,1,0,416,64.2388330895,23.61885526,0.155166343406,0,results/2012-12-09-23:41:17-t8-l0-hr240000ms,8,1355029219.51,1355029434.96,215.45698905,86172,0.000691598360656,39013,39040,,,,417,,,19,,,,7
basic,0,68,79.6556751774,77.916590037,89.349729959,15,1,0,0,58.0854738622,21.8057492895,-1.75711589746,0,results/2012-12-10-00:00:17-t4-l0-hr15ms,4,1355029218.66,1355029420.06,201.394056082,79390,0.0297878241575,34981,36055,,9,,,,1050,13,,,,2
basic,4,52,45.4863299646,69.3192086218,62.0947355804,5,1,0,0,71.2271368493,37.9282543844,4.38017541834,0,results/2012-12-10-00:34:51-t4-l0-hr5ms,4,1355115619.49,1355115824.96,205.468968868,57967,0.0516336614701,24759,26107,,6,,,,1332,7,,,,3
basic,0,4,48.4134857714,61.6854086052,49.9773821699,240000,1,0,0,0,0.649738663408,0.649738663408,0,results/2012-12-10-02:43:07-t1-l0-hr240000ms,1,1355115618.18,1355115805.56,187.380238056,44182,0.00108651364933,22065,22089,2,,4,6,,,1,7,,,4
basic,2,192,37.5933213587,59.4285805399,54.4504940454,5,1,0,416,73.2433073787,42.8423387664,6.56257944653,0,results/2012-12-10-00:50:26-t8-l0-hr5ms,8,1355115619.81,1355115836.08,216.276409149,53691,0.0579453441296,22338,23712,,26,,420,,1327,11,,,,6
basic,0,8,60.1022614791,58.8387739448,66.220328894,1000,1,0,0,0,0.721538645411,0.721538645411,0,results/2012-12-10-00:57:59-t1-l0-hr1000ms,1,1355115619.05,1355115806.37,187.317892075,51172,0.00168086936127,25539,25582,2,,4,6,,18,2,7,,,4
basic,0,0,50.6446177446,50.8481166573,49.4793862095,15,1,0,0,0,3.40848441135,3.40848441135,0,results/2012-12-09-23:56:18-t3-l0-hr15ms,3,1355029217.43,1355029405.88,188.445300102,41636,0.0332113550676,17437,18036,1,7,1,4,,583,,3,,,
basic,0,0,49.298704307,49.9549711975,49.3803773495,50,1,0,0,0,0.984793884177,0.984793884177,0,results/2012-12-09-22:46:59-t3-l0-hr50ms,3,1355029217.62,1355029406.05,188.430070877,41132,0.016198823921,17734,18026,1,5,1,4,,280,,1,,,
basic,0,0,48.6140549237,49.0600573061,48.7602149642,100,1,0,0,0,1.01508650329,1.01508650329,0,results/2012-12-09-22:12:21-t3-l0-hr100ms,3,1355029217.45,1355029405.86,188.405700922,40560,0.0076421040888,17790,17927,1,2,1,3,,126,,1,,,3
basic,0,56,49.3545795703,48.9214278871,45.4115385012,100,1,0,0,58.1313531223,18.7399906284,0.584359062967,0,results/2012-12-09-18:50:58-t4-l0-hr100ms,4,1355029217.78,1355029419.01,201.233053923,45332,0.0093038951022,20551,20744,,2,,,,177,13,,,,1
packetrate,0,58,49.6976590314,48.8645424173,48.6088101441,50,1,0,0,54.779301729,19.1829326963,0.889555467692,0,results/2012-12-09-19:24:38-t4-l0-hr50ms,4,1355029218.07,1355029419.3,201.229757071,46654,0.0123775141826,21065,21329,,4,,,,248,12,,,,
packetrate,0,0,47.9799207027,48.6444518982,48.3011370033,240000,1,0,0,0,0.696618675729,0.696618675729,0,results/2012-12-09-23:21:38-t3-l0-hr240000ms,3,1355029217.83,1355029406.28,188.452017069,40180,0.000391586484672,17869,17876,1,,1,4,,,,1,,,
packetrate,0,0,47.8904280003,48.3983148748,47.9335475728,1000,1,0,0,0,1.3005465757,1.3005465757,0,results/2012-12-09-21:37:43-t3-l0-hr1000ms,3,1355029217.59,1355029406.02,188.422264814,39982,0.00253121835977,17733,17778,2,,1,5,,14,,3,,,20
packetrate,0,48,49.4640512268,48.1801896922,47.491895315,15,1,0,0,60.6825650464,21.6847477056,0.890254531866,0,results/2012-12-09-20:32:57-t4-l0-hr15ms,4,1355029218.73,1355029420.37,201.636112213,46048,0.0228064316046,20481,20959,,12,,,,455,9,,,,2
packetrate,0,56,48.3052198021,47.7800729594,48.2308236,1000,1,0,0,57.2767029522,18.3547756596,-0.131757633591,0,results/2012-12-09-18:17:17-t4-l0-hr1000ms,4,1355029217.85,1355029419.08,201.234519005,45682,0.00114025085519,21024,21048,,,,,,7,13,,,,4
packetrate,0,214,47.9944444767,47.3150369411,46.4544672275,240000,1,0,311,67.7669294445,22.6466519812,-0.252883615284,0,results/2012-12-09-20:14:06-t8-l0-hr240000ms,8,1355029219.61,1355029435.89,216.276472092,48462,0.000909628416792,21967,21987,,,,311,,,18,,,,2
packetrate,0,202,46.1808450484,47.1731294081,45.4070761466,100,1,0,311,63.6494305177,19.8802544021,0.188334460524,0,results/2012-12-09-19:06:07-t8-l0-hr100ms,8,1355029217.76,1355029433.12,215.358551979,46844,0.005396960659,21009,21123,,,,314,,91,17,,,,3
packetrate,0,208,48.2535647519,46.0550261898,45.2653816663,1000,1,0,311,56.0004483155,19.0615642557,-0.180039111458,0,results/2012-12-09-18:32:26-t8-l0-hr1000ms,8,1355029217.76,1355029433.12,215.351088047,47484,0.00139508928571,21474,21504,,,,311,,7,17,,,,6
packetrate,0,196,42.6989120775,45.9584757542,42.5492509921,50,1,0,311,54.1010073545,20.1046477254,0.564433936292,0,results/2012-12-09-19:39:46-t8-l0-hr50ms,8,1355029217.81,1355029431.3,213.492897034,44492,0.00788033930633,19766,19923,,4,,311,,136,14,,,,3
packetrate,0,60,45.4648524174,45.5678896234,47.961779558,240000,1,0,0,68.2218407321,23.9407974316,0.104830429719,0,results/2012-12-09-19:58:36-t4-l0-hr240000ms,4,1355029219.69,1355029423.3,203.607635021,44600,0.000634455832113,20477,20490,,,,,,,13,,,,
packetrate,0,4,29.8463261608,42.1624532019,52.0930369124,100,1,0,0,0,1.26164203711,1.26164203711,0,results/2012-12-10-01:33:11-t1-l0-hr100ms,1,1355115618.4,1355115805.81,187.408010006,34074,0.00645729380687,16925,17035,2,,4,6,,90,1,7,,,
packetrate,0,198,42.611973727,41.6860341092,43.378833583,15,1,0,311,106.875204918,40.0615304538,5.96825136089,0,results/2012-12-09-20:48:23-t8-l0-hr15ms,8,1355029219.33,1355029434.75,215.419687033,43126,0.0265039966344,18512,19016,,,,313,,482,15,,,,5
packetrate,0,8,63.7514877115,39.3229244644,43.8218411369,50,1,0,0,0,1.25416612691,1.25416612691,0,results/2012-12-10-02:08:04-t1-l0-hr50ms,1,1355115616.79,1355115805.14,188.348099947,40600,0.0163579030351,19964,20296,2,4,2,6,,298,2,8,,,10
packetrate,0,0,30.9918110399,31.4445085125,30.9649749749,1000,1,0,0,113.835749801,113.835749801,0,0,results/2012-12-10-01:01:46-t2-l0-hr1000ms,2,1355115617.55,1355115803.31,185.765474081,33458,0,14009,14009,,,,,,,,,,,
packetrate,0,0,31.1688037809,31.2820722904,30.9701763308,240000,1,0,0,108.900202707,108.900202707,0,0,results/2012-12-10-02:46:53-t2-l0-hr240000ms,2,1355115617.69,1355115803.47,185.776079893,33446,0,14003,14003,,,,,,,,,,,
packetrate,0,0,30.9043039982,30.8945440599,31.4251152929,50,1,0,0,113.386854929,113.386854929,0,0,results/2012-12-10-02:11:48-t2-l0-hr50ms,2,1355115618.19,1355115801.47,183.272818804,33060,0,13843,13843,,,,,,,,,,,
packetrate,0,0,31.2139877997,30.7295590204,31.0355097535,100,1,0,0,111.389974377,111.389974377,0,0,results/2012-12-10-01:36:56-t2-l0-hr100ms,2,1355115617.75,1355115803.22,185.471395016,33270,0,13931,13931,,,,,,,,,,,
packetrate,0,8,30.0132880185,30.2106975259,30.7380457453,50,1,0,0,0,2.28462197393,2.28462197393,0,results/2012-12-09-22:39:31-t1-l0-hr50ms,1,1355029218.44,1355029406.38,187.94431901,24900,0.0129358830146,12285,12446,,6,,4,,142,2,7,,,
packetrate,0,8,29.9507795751,29.7789873471,31.5364158753,100,1,0,0,0,1.27585730974,1.27585730974,0,results/2012-12-09-22:04:52-t1-l0-hr100ms,1,1355029218.25,1355029405.33,187.080086946,24896,0.00731276117004,12353,12444,2,,,2,,78,2,7,,,
packetrate,5,55,27.6174107448,28.1912357724,25.5134721206,5,1,0,0,65.392290116,41.6908040523,9.32134594236,0,results/2012-12-09-21:07:22-t4-l0-hr5ms,4,1355029216.91,1355029428.45,211.531816006,27136,0.0626916249798,11617,12394,,5,,,,762,8,1,,,1
packetrate,0,0,26.58927739,26.7603418978,25.8769447597,15,1,0,0,0,1.68297065933,1.68297065933,0,results/2012-12-09-20:28:57-t3-l0-hr15ms,3,1355029216.5,1355029405.09,188.590193987,21666,0.0357483823061,9090,9427,1,9,1,3,,322,,1,,,
packetrate,0,0,25.7854183725,26.6162781697,26.2185111993,50,1,0,0,0,0.431363495796,0.431363495796,0,results/2012-12-09-19:20:41-t3-l0-hr50ms,3,1355029215.39,1355029404,188.609436035,21506,0.0229909526344,9179,9395,1,,1,4,,208,,2,,,
packetrate,0,0,25.2732768704,25.590754985,25.3751997089,100,1,0,0,0,-0.0771845237257,-0.0771845237257,0,results/2012-12-09-18:47:01-t3-l0-hr100ms,3,1355029215.39,1355029403.98,188.586029053,20892,0.0049622437972,9224,9270,1,,1,3,,40,,1,,,
packetrate,0,0,24.9851366534,25.5880539373,25.1288592782,240000,1,0,0,0,0.361942531624,0.361942531624,0,results/2012-12-09-19:54:33-t3-l0-hr240000ms,3,1355029218.21,1355029408.4,190.181915998,20884,0.0003225459628,9298,9301,1,,,2,,,,,,,
packetrate,0,0,25.01486603,25.2996558117,25.1915452087,1000,1,0,0,0,0.20566470887,0.20566470887,0,results/2012-12-09-18:13:20-t3-l0-hr1000ms,3,1355029215.4,1355029404,188.604787827,20700,0.000759301442673,9212,9219,1,,1,3,,,,2,,,
packetrate,0,6,17.308879934,23.9681903436,15.8542651058,15,1,0,0,0,2.09506871274,2.09506871274,0,results/2012-12-09-23:48:50-t1-l0-hr15ms,1,1355029218.54,1355029406.49,187.949153185,15392,0.0558949694527,7263,7693,,,,4,,416,1,7,,,2
hoprate,0,4,23.5338442232,23.5923452286,32.5635719906,1000,1,0,0,0,0.857954976447,0.857954976447,0,results/2012-12-09-21:30:13-t1-l0-hr1000ms,1,1355029217.06,1355029404.19,187.128944874,21674,0.00221504383941,10811,10835,,,,4,,12,1,7,,,
hoprate,4,188,28.1023429499,22.6770372636,23.7426327893,5,1,0,311,80.0656712766,49.5464962039,8.63242037942,0,results/2012-12-09-21:22:51-t8-l0-hr5ms,8,1355029219.54,1355029440.73,221.188618898,26206,0.0816752107047,10569,11509,,18,,312,,909,10,,,,2
hoprate,0,4,21.3088436509,21.5353756162,10.8818768097,240000,1,0,0,0.445636606838,0.445636606838,0,0,results/2012-12-10-02:39:22-t0-l0-hr240000ms,0,1355115618.11,1355115803.52,185.407001019,18764,0,9380,9380,,,,,,,,,,,
hoprate,0,4,17.1757565793,21.5345397216,21.3990823525,100,1,0,0,0.508151835834,0.508151835834,0,0,results/2012-12-10-01:29:25-t0-l0-hr100ms,0,1355115618.3,1355115802.89,184.596541166,21088,0,10542,10542,,,,,,,,,,,
hoprate,0,2,17.293545938,21.4566933951,1.97109001291,50,1,0,0,0.437580806295,0.437580806295,0,0,results/2012-12-10-02:04:22-t0-l0-hr50ms,0,1355115616.57,1355115799.98,183.416113138,13918,0,6958,6958,,,,,,,,,,,
hoprate,0,10,18.6477934882,20.396872349,19.0693154707,5,1,0,0,0,5.50154903843,5.50154903843,0,results/2012-12-10-00:23:20-t1-l0-hr5ms,1,1355115618.24,1355115806.15,187.910590887,15572,0.103714175556,6974,7781,2,10,,2,,784,2,7,,,
hoprate,0,8,25.8263840798,19.1210995403,25.752127911,240000,1,0,0,0,0.980948915287,0.980948915287,0,results/2012-12-09-23:14:10-t1-l0-hr240000ms,1,1355029218.04,1355029405.94,187.905350924,19298,0.00196993260757,9626,9645,2,,,2,,,2,7,,,6
hoprate,0,12,17.4015076326,17.5459968971,17.4674480652,240000,1,0,0,0,0.862441078246,0.862441078246,0,results/2012-12-09-19:47:04-t1-l0-hr240000ms,1,1355029216.35,1355029403.09,186.738364935,14098,0.00156183444555,7032,7043,2,,2,2,,,3,2,,,
hoprate,0,0,16.7417138666,17.0259711964,16.9479500745,50,1,0,0,0,1.58773483065,1.58773483065,0,results/2012-12-09-19:13:24-t1-l0-hr50ms,1,1355029216.32,1355029401.2,184.885375023,13456,0.0109988109394,6654,6728,2,2,2,2,,64,,2,,,
hoprate,0,12,16.9858464451,17.0225401764,17.0620186494,100,1,0,0,0,1.51890968612,1.51890968612,0,results/2012-12-09-18:39:43-t1-l0-hr100ms,1,1355029216.42,1355029401.98,185.557495117,13618,0.00955460826106,6738,6803,2,,2,2,,54,3,2,,,
hoprate,0,0,17.4850971471,15.5306815784,15.4207884173,1000,1,0,0,0,0.672894166716,0.672894166716,0,results/2012-12-09-18:06:02-t1-l0-hr1000ms,1,1355029216.26,1355029401.15,184.886092186,12844,0.00124571784491,6414,6422,2,,2,2,,,,2,,,
hoprate,0,8,15.9815229454,15.2861141824,15.540907251,15,1,0,0,0,2.94516992697,2.94516992697,0,results/2012-12-09-20:21:34-t1-l0-hr15ms,1,1355029218.72,1355029406.19,187.46548605,12522,0.031005274093,6063,6257,2,,2,2,,184,2,2,,,
hoprate,6,8,26.926653742,14.6225956345,15.8176665065,5,1,0,0,0,-26.9821075525,-26.9821075525,0,results/2012-12-10-00:30:50-t3-l0-hr5ms,3,1355115617.63,1355115809.79,192.153789997,15517,0.112179984484,5722,6445,1,6,1,4,,711,,,,,
hoprate,0,0,13.5078196441,13.7887503165,13.7194851575,1000,1,0,0,100.496384966,100.496384966,0,0,results/2012-12-09-21:33:57-t2-l0-hr1000ms,2,1355029218.87,1355029403.46,184.584242821,14088,0,5936,5936,,,,,,,,,,,
hoprate,0,0,13.6425074977,13.7874659242,13.7146618115,50,1,0,0,110.86330408,110.86330408,0,0,results/2012-12-09-22:43:14-t2-l0-hr50ms,2,1355029217.74,1355029402.46,184.717255116,14140,0,5956,5956,,,,,,,,,,,
hoprate,0,0,13.6072326827,13.7867155943,13.6477174801,5,1,0,0,117.301569383,117.301569383,0,0,results/2012-12-10-00:27:03-t2-l0-hr5ms,2,1355115617.74,1355115802.55,184.810694933,14104,0,5942,5942,,,,,,,,,,,
hoprate,0,0,13.7024469498,13.7192141679,13.6454977831,100,1,0,0,115.722530801,115.722530801,0,0,results/2012-12-09-22:08:35-t2-l0-hr100ms,2,1355029217.64,1355029402.47,184.835042,14116,0,5946,5946,,,,,,,,,,,
hoprate,0,0,13.6420043106,13.6904427778,13.6508356688,15,1,0,0,122.16500731,122.16500731,0,0,results/2012-12-09-23:52:33-t2-l0-hr15ms,2,1355029217.62,1355029402.38,184.751247168,14080,0,5932,5932,,,,,,,,,,,
hoprate,0,0,13.5472722923,13.6724044591,13.6545213828,240000,1,0,0,111.677319929,111.677319929,0,0,results/2012-12-09-23:17:53-t2-l0-hr240000ms,2,1355029217.42,1355029403.13,185.703042984,14100,0,5942,5942,,,,,,,,,,,
hoprate,0,6,13.0374386269,12.1276188187,13.456041615,5,1,0,0,0,8.58176896933,8.58176896933,0,results/2012-12-09-20:55:52-t1-l0-hr5ms,1,1355029218.38,1355029405.86,187.477425098,10178,0.0949665749115,4603,5086,2,16,2,2,,457,1,2,,,1
hoprate,0,4,9.70792715335,9.75965305006,9.71155515023,240000,1,0,0,0.660860887175,0.660860887175,0,0,results/2012-12-09-23:10:25-t0-l0-hr240000ms,0,1355029217.9,1355029403.2,185.292638063,9740,0,4868,4868,,,,,,,,,,,
hoprate,0,2,3.93347103701,9.71266977324,9.72340182696,1000,1,0,0,0.686408975686,0.685835869007,0.450432300568,0,results/2012-12-09-21:26:32-t0-l0-hr1000ms,0,1355029216.58,1355029400.99,184.405617952,7568,0,3778,3778,,,,,,,,,,,
hoprate,0,0,6.127688869,9.47836002388,9.5062457017,100,1,0,0,0.348889183709,0.348889183709,0,0,results/2012-12-09-22:01:08-t0-l0-hr100ms,0,1355029219.21,1355029404.13,184.918115854,8232,0,4116,4116,,,,,,,,,,,
hoprate,2,4,7.51236284823,9.23413013136,9.99481373023,5,1,0,0,0,5.78679567124,5.78679567124,0,results/2012-12-09-21:03:19-t3-l0-hr5ms,3,1355029217.54,1355029410.19,192.645905018,6977,0.144620811287,2425,2835,1,,1,4,,403,,,1,,
hoprate,0,0,7.77287087507,7.83002591257,7.74808018609,5,1,0,0,108.232140613,108.232140613,0,0,results/2012-12-09-20:59:33-t2-l0-hr5ms,2,1355029217.53,1355029402.96,185.428735018,7614,0.000308737264588,3238,3239,,,,,1,,,,,,
hoprate,0,0,7.7966473782,7.82907061486,7.79717878234,15,1,0,0,115.074854254,115.074854254,0,0,results/2012-12-09-20:25:15-t2-l0-hr15ms,2,1355029217.97,1355029401.45,183.481625795,7592,0,3229,3229,,,,,,,,,,,
hoprate,0,0,7.77330081905,7.82397180598,7.74891884061,240000,1,0,0,119.249598788,119.249598788,0,0,results/2012-12-09-19:50:47-t2-l0-hr240000ms,2,1355029217.34,1355029403.16,185.82177186,7632,0,3247,3247,,,,,,,,,,,
hoprate,0,0,7.78402328305,7.81673982628,7.75093125498,100,1,0,0,87.2628498424,87.2628498424,0,0,results/2012-12-09-18:43:21-t2-l0-hr100ms,2,1355029215.5,1355029399.16,183.661040783,7580,0,3224,3224,,,,,,,,,,,
hoprate,0,0,7.78390863906,7.81658557036,7.78363132274,50,1,0,0,87.0174051483,87.0174051483,0,0,results/2012-12-09-19:17:00-t2-l0-hr50ms,2,1355029215.49,1355029399.11,183.620666981,7592,0,3229,3229,,,,,,,,,,,
hoprate,0,2,9.72239150216,7.75933479842,9.71882368283,50,1,0,0,0.598171779088,0.598171779088,0,0,results/2012-12-09-22:35:46-t0-l0-hr50ms,0,1355029217.75,1355029400.8,183.057889938,8950,0,4474,4474,,,,,,,,,,,
hoprate,0,0,7.74384405067,7.7545249942,7.74974219808,1000,1,0,0,91.3335160053,91.3335160053,0,0,results/2012-12-09-18:09:40-t2-l0-hr1000ms,2,1355029215.5,1355029400.34,184.842911005,7572,0,3222,3222,,,,,,,,,,,
hoprate,0,4,5.77000398033,5.79921399781,5.76430068502,15,1,0,0,1.12919851181,1.12919851181,0,0,results/2012-12-09-20:17:50-t0-l0-hr15ms,0,1355029218.39,1355029400.84,182.447324991,5332,0,2664,2664,,,,,,,,,,,
hoprate,0,4,3.67945640853,5.79759853931,5.7647215034,5,1,0,0,1.42246431775,1.42246431775,0,0,results/2012-12-09-20:52:07-t0-l0-hr5ms,0,1355029219.01,1355029401.56,182.554565907,4572,0,2284,2284,,,,,,,,,,,
hoprate,0,0,5.70911635134,5.77699150196,5.71213536382,240000,1,0,0,0.352536556251,0.352536556251,0,0,results/2012-12-09-19:43:25-t0-l0-hr240000ms,0,1355029216.82,1355029400.59,183.774893045,5314,0,2657,2657,,,,,,,,,,,
hoprate,0,0,5.74316238226,5.77608567105,5.74170586979,50,1,0,0,0.346747551175,0.346747551175,0,0,results/2012-12-09-19:09:45-t0-l0-hr50ms,0,1355029216.94,1355029399.46,182.52373004,5312,0,2656,2656,,,,,,,,,,,
hoprate,0,0,5.73996103032,5.77246288083,5.73805479593,1000,1,0,0,0.348698587927,0.348698587927,0,0,results/2012-12-09-18:02:24-t0-l0-hr1000ms,0,1355029216.25,1355029398.85,182.602581978,5312,0,2656,2656,,,,,,,,,,,
hoprate,0,2,9.72359878433,5.39008414384,9.71972404305,5,1,0,0,0.636991186716,0.636991186716,0,0,results/2012-12-10-00:19:36-t0-l0-hr5ms,0,1355115619.08,1355115802.15,183.063247204,8086,0,4042,4042,,,,,,,,,,,
hoprate,0,2,9.69816951295,4.36216719749,9.70418995079,15,1,0,0,0.653136860241,0.653136860241,0,0,results/2012-12-09-23:45:06-t0-l0-hr15ms,0,1355029219.33,1355029403.36,184.031468868,7712,0,3855,3855,,,,,,,,,,,
fuzzer,0,0,21.5018170683,4.15801399878,18.9921881942,1000,1,0,0,0.338141499788,0.338141499788,0,0,results/2012-12-10-00:54:13-t0-l0-hr1000ms,0,1355115619.49,1355115803.04,183.544875145,15328,0,7664,7664,,,,,,,,,,,
fuzzer,0,0,5.74097333614,3.31251353438,5.73949263792,100,1,0,0,0.351294563984,0.351294563984,0,0,results/2012-12-09-18:36:04-t0-l0-hr100ms,0,1355029216.78,1355029399.38,182.603276968,4416,0,2208,2208,,,,,,,,,,,
fuzzer,0,108,2.6917805892,2.69703959799,2.69505365718,1000,1,0,474,0,0,0,0,results/2012-12-10-01:21:13-t7-l0-hr1000ms,7,1355115618.02,1355115811.03,193.008228779,2076,0,510,510,,,,474,,,,,,,
fuzzer,0,108,2.68912152445,2.69591189304,2.70184569253,50,1,0,475,0,0,0,0,results/2012-12-10-02:31:12-t7-l0-hr50ms,7,1355115617.85,1355115810.24,192.385483027,2074,0,508,508,,,,475,,,,,,,
fuzzer,0,108,2.68828955905,2.69353105289,2.69503275578,100,1,0,474,0,0,0,0,results/2012-12-10-01:56:22-t7-l0-hr100ms,7,1355115617.79,1355115811.07,193.274451971,2076,0,510,510,,,,474,,,,,,,
fuzzer,0,0,2.60992195645,2.62694515693,2.61962075184,1000,1,0,459,0,0,0,0,results/2012-12-10-01:13:42-t5-l0-hr1000ms,5,1355115618.7,1355115804.29,185.585314989,1902,0,492,492,,,,459,,,,,,,
fuzzer,0,0,2.6100732862,2.62691211447,2.61963051751,100,1,0,459,0,0,0,0,results/2012-12-10-01:48:50-t5-l0-hr100ms,5,1355115618,1355115803.56,185.564792156,1902,0,492,492,,,,459,,,,,,,
fuzzer,0,0,2.61012491261,2.59073926935,2.60733960996,50,1,0,460,0,0,0,0,results/2012-12-10-02:23:42-t5-l0-hr50ms,5,1355115618.07,1355115805.59,187.513894081,1908,0,494,494,,,,460,,,,,,,
fuzzer,0,108,2.52596218636,2.54759425759,2.5328392013,50,1,0,380,0,0,0,0,results/2012-12-09-23:02:25-t7-l0-hr50ms,7,1355029218.67,1355029411.58,192.910676956,1892,0,512,512,,,,380,,,,,,,
fuzzer,0,108,2.52589985519,2.54751738492,2.53285150072,240000,1,0,380,0,0,0,0,results/2012-12-09-23:37:05-t7-l0-hr240000ms,7,1355029218.57,1355029411.49,192.918186903,1892,0,512,512,,,,380,,,,,,,
fuzzer,0,108,2.52542829564,2.54698753552,2.53285068223,15,1,0,380,0,0,0,0,results/2012-12-10-00:11:35-t7-l0-hr15ms,7,1355115618.38,1355115811.32,192.946777105,1892,0,512,512,,,,380,,,,,,,
fuzzer,0,108,2.52618248637,2.53715554218,2.53329120568,1000,1,0,380,0,0,0,0,results/2012-12-09-21:53:05-t7-l0-hr1000ms,7,1355029218.02,1355029410.11,192.096378088,1884,0,508,508,,,,380,,,,,,,
fuzzer,0,108,2.52628012337,2.53708413764,2.5330998761,100,1,0,380,0,0,0,0,results/2012-12-09-22:27:46-t7-l0-hr100ms,7,1355029218.01,1355029410.1,192.089941025,1884,0,508,508,,,,380,,,,,,,
fuzzer,0,108,2.52652311691,2.53700315496,2.53281446691,5,1,0,380,0,0,0,0,results/2012-12-10-00:46:11-t7-l0-hr5ms,7,1355115618.21,1355115811.11,192.899935007,1888,0,510,510,,,,380,,,,,,,
fuzzer,0,0,2.45944440435,2.47018345351,2.44508357144,5,1,0,371,0,0.524520874023,0.524520874023,0,results/2012-12-10-00:38:41-t5-l0-hr5ms,5,1355115618.78,1355115806.75,187.967730045,1750,0,502,502,,,,371,,,,,,,
fuzzer,0,0,2.44594071962,2.45526638439,2.45572127091,100,1,0,368,0,0,0,0,results/2012-12-09-22:20:14-t5-l0-hr100ms,5,1355029217.87,1355029403.2,185.332360029,1720,0,492,492,,,,368,,,,,,,
fuzzer,0,0,2.4461084431,2.45519132624,2.45595893975,50,1,0,368,0,0,0,0,results/2012-12-09-22:54:54-t5-l0-hr50ms,5,1355029219.06,1355029404.35,185.292051077,1720,0,492,492,,,,368,,,,,,,
fuzzer,0,0,2.45074694934,2.44345679031,2.44015880405,1000,1,0,367,0,0,0,0,results/2012-12-09-21:45:37-t5-l0-hr1000ms,5,1355029219.62,1355029405.25,185.632067919,1726,0,496,496,,,,367,,,,,,,
fuzzer,0,0,2.4326799501,2.43282792393,2.43445600925,240000,1,0,369,0,0,0,0,results/2012-12-09-23:29:33-t5-l0-hr240000ms,5,1355029218.95,1355029406.08,187.123288155,1726,0,494,494,,,,369,,,,,,,
fuzzer,0,0,2.45112578078,2.43258067899,2.43991427781,15,1,0,369,0,0,0,0,results/2012-12-10-00:04:04-t5-l0-hr15ms,5,1355115617.22,1355115804.32,187.100106955,1726,0,494,494,,,,369,,,,,,,
fuzzer,0,108,2.37519967195,2.37970214107,2.38024463129,50,1,0,284,0,0,0,0,results/2012-12-09-19:35:38-t7-l0-hr50ms,7,1355029216.18,1355029406.03,189.852401018,1684,0,504,504,,,,284,,,,,,,
fuzzer,0,108,2.37539432347,2.37960313143,2.3803060178,100,1,0,284,0,0,0,0,results/2012-12-09-19:01:59-t7-l0-hr100ms,7,1355029216.32,1355029406.17,189.854604959,1684,0,504,504,,,,284,,,,,,,
fuzzer,0,108,2.37548315091,2.37954915786,2.38029236167,1000,1,0,284,0,0,0,0,results/2012-12-09-18:28:17-t7-l0-hr1000ms,7,1355029216.33,1355029406.19,189.864738941,1684,0,504,504,,,,284,,,,,,,
fuzzer,0,108,2.36412137964,2.37412512101,2.36545967235,15,1,0,284,0,0,0,0,results/2012-12-09-20:44:12-t7-l0-hr15ms,7,1355029217.65,1355029409.31,191.658521891,1692,0,508,508,,,,284,,,,,,,
fuzzer,0,108,2.36515841928,2.37383552955,2.36535052415,5,1,0,284,0,0,0,0,results/2012-12-09-21:18:37-t7-l0-hr5ms,7,1355029218.51,1355029410.96,192.448867083,1696,0,510,510,,,,284,,,,,,,
fuzzer,0,108,2.3655309482,2.37373872078,2.3654061017,240000,1,0,284,0,0,0,0,results/2012-12-09-20:09:53-t7-l0-hr240000ms,7,1355029219.11,1355029411.52,192.409003973,1696,0,510,510,,,,284,,,,,,,
fuzzer,0,0,2.26998254631,2.29912682355,2.27368010822,50,1,0,275,0,0,0,0,results/2012-12-09-19:28:18-t5-l0-hr50ms,5,1355029216.57,1355029401.17,184.598181963,1528,0,489,489,,,,275,,,,,,,
fuzzer,0,0,2.27008535938,2.29903790078,2.27397824567,100,1,0,275,0,0,0,0,results/2012-12-09-18:54:39-t5-l0-hr100ms,5,1355029216.81,1355029401.33,184.518469095,1528,0,489,489,,,,275,,,,,,,
fuzzer,0,0,2.27817205268,2.29896561868,2.28163141686,1000,1,0,275,0,0,0,0,results/2012-12-09-18:20:58-t5-l0-hr1000ms,5,1355029216.66,1355029401.44,184.780085087,1532,0,491,491,,,,275,,,,,,,
fuzzer,0,0,2.28491762405,2.29669502182,2.28662982289,15,1,0,275,0,0,0,0,results/2012-12-09-20:36:43-t5-l0-hr15ms,5,1355029218.33,1355029403.06,184.735522985,1534,0,492,492,,,,275,,,,,,,
fuzzer,0,0,2.28519138594,2.26509812083,2.26731251688,240000,1,0,275,0,0,0,0,results/2012-12-09-20:02:22-t5-l0-hr240000ms,5,1355029218.67,1355029405.22,186.545361996,1536,0,493,493,,,,275,,,,,,,
fuzzer,0,108,1.87362120427,1.89506745803,1.88829276939,100,1,0,0,0,0,0,0,results/2012-12-10-01:52:34-t6-l0-hr100ms,6,1355115618.69,1355115804.57,185.879930973,1092,0,492,492,,,,,,,,,,,
fuzzer,0,108,1.87320608067,1.89468253888,1.88824548834,15,1,0,0,0,0,0,0,results/2012-12-10-00:07:45-t6-l0-hr15ms,6,1355115617.68,1355115803.42,185.732740879,1092,0,492,492,,,,,,,,,,,
fuzzer,0,108,1.87310175176,1.89458912601,1.88814302306,5,1,0,0,0,0,0,0,results/2012-12-09-21:14:49-t6-l0-hr5ms,6,1355029217.7,1355029403.69,185.986428976,1092,0,492,492,,,,,,,,,,,
fuzzer,0,108,1.87312295363,1.8945845469,1.88816346462,50,1,0,0,0,0,0,0,results/2012-12-09-22:58:36-t6-l0-hr50ms,6,1355029217.39,1355029403.12,185.727195978,1092,0,492,492,,,,,,,,,,,
fuzzer,0,108,1.87279465935,1.89423759807,1.88783009967,50,1,0,0,0,0,0,0,results/2012-12-10-02:27:24-t6-l0-hr50ms,6,1355115617.36,1355115803.14,185.780792952,1092,0,492,492,,,,,,,,,,,
fuzzer,0,108,1.87261965034,1.89422155241,1.88765585592,15,1,0,0,0,0,0,0,results/2012-12-09-20:40:25-t6-l0-hr15ms,6,1355029217.75,1355029403.53,185.784427166,1092,0,492,492,,,,,,,,,,,
fuzzer,0,108,1.87232190248,1.89370512204,1.8873494659,5,1,0,0,0,0,0,0,results/2012-12-10-00:42:22-t6-l0-hr5ms,6,1355115617.39,1355115803.2,185.806633949,1092,0,492,492,,,,,,,,,,,
fuzzer,0,108,1.87188169722,1.89351992045,1.88689860008,1000,1,0,0,0,0,0,0,results/2012-12-09-21:49:16-t6-l0-hr1000ms,6,1355029216.62,1355029402.47,185.849972963,1092,0,492,492,,,,,,,,,,,
fuzzer,0,108,1.87121921031,1.89233631954,1.88622487599,1000,1,0,0,0,0,0,0,results/2012-12-09-18:24:34-t6-l0-hr1000ms,6,1355029215.33,1355029401.18,185.846672058,1092,0,492,492,,,,,,,,,,,
fuzzer,0,108,1.85749090215,1.89225424318,1.87236542298,50,1,0,0,0,0,0,0,results/2012-12-09-19:31:55-t6-l0-hr50ms,6,1355029215.24,1355029400.83,185.587175846,1086,0,489,489,,,,,,,,,,,
fuzzer,0,108,1.87087108571,1.89224065603,1.88587207967,100,1,0,0,0,0,0,0,results/2012-12-09-18:58:16-t6-l0-hr100ms,6,1355029215.3,1355029401.18,185.880408049,1092,0,492,492,,,,,,,,,,,
fuzzer,0,108,1.87050111302,1.87841048781,1.87797119219,100,1,0,0,0,0,0,0,results/2012-12-09-22:23:57-t6-l0-hr100ms,6,1355029218.58,1355029405.67,187.094835043,1100,0,496,496,,,,,,,,,,,
fuzzer,0,108,1.87307619926,1.86304054288,1.87851049786,1000,1,0,0,0,0,0,0,results/2012-12-10-01:17:25-t6-l0-hr1000ms,6,1355115617.71,1355115805.3,187.585482121,1096,0,494,494,,,,,,,,,,,
fuzzer,0,108,1.87271867488,1.85733683125,1.87277507948,240000,1,0,0,0,0,0,0,results/2012-12-09-20:06:04-t6-l0-hr240000ms,6,1355029217.34,1355029404.96,187.62005806,1094,0,493,493,,,,,,,,,,,
fuzzer,0,108,1.87258782746,1.85721002937,1.87264601923,240000,1,0,0,0,0,0,0,results/2012-12-09-23:33:15-t6-l0-hr240000ms,6,1355029217.69,1355029405.3,187.619452953,1094,0,493,493,,,,,,,,,,,